Date,BTC-USD,ETH-USD,USDT-USD,BNB-USD,USDC-USD,XRP-USD,BUSD-USD,ADA-USD,DOGE-USD,MATIC-USD,Total Crypto Volume,FTSE 100 Volume
2022-02-15,22721659051,13921257873,53542330209,2538883559,3303759191,2249706300,4879125525,1370174980,674961496,1226641281,106428499465,808114200.0
2022-02-16,19792547657,12352406833,48729582312,1670788158,3231224663,2165008058,4475930042,1028924852,505588732,1194666956,95146668263,1128096000.0
2022-02-17,26246662813,15860206214,59426477844,1644013199,3964363431,2798023719,4635798731,1093325576,721382126,1137626487,117527880140,776929900.0
2022-02-18,23310007704,15748173433,52679060916,1554511893,3506445548,2913093056,4258048034,1288743412,563817289,1018489090,106840390375,768986400.0
2022-02-19,13736557863,9774183169,37278604791,1192395484,2094832701,3325442943,3002762758,1104597763,655782652,641146699,72806306823,
2022-02-20,18340576452,11641437834,45611091002,1431745519,2869319070,3041836889,3612352120,1429017666,490138547,846724841,89314239940,
2022-02-21,29280402798,18646392740,72043746349,2164511484,5035066514,3580522306,5311212829,2072270994,913773124,1583251489,140631150627,622636900.0
2022-02-22,25493150450,16360200507,60539262856,2037210077,4311028906,3539593096,5003666912,2058499639,711967119,1347670062,121402249624,1018787100.0
2022-02-23,21849073843,13382637240,54845607157,1644707704,4088593001,2690184820,4784157895,1824386011,587472906,1457761250,107154581827,862648700.0
2022-02-24,46383802093,29312342666,107952010250,2972951900,9044960990,5146799150,9044548485,3629367685,2046477370,2679134468,218212395057,1966584700.0
2022-02-25,26545599159,17208902048,66025345539,1839035023,5563465156,3460713330,5625014132,1652894219,805161073,1599951072,130326080751,1381725400.0
2022-02-26,17467554129,11724648351,46708690534,1319208551,3262045031,3051695701,3994663167,1099934921,535575654,898567950,90062583989,
2022-02-27,23450127612,16150857254,57257598779,1600855952,4352100239,2733141782,4655760911,1278510571,592809151,1047102113,113118864364,
2022-02-28,35690014104,19266124733,72330789600,1868349380,5502186592,3053923291,6135939226,1779202386,765755924,1205482070,147597767306,1584580200.0
2022-03-01,32479047645,18757425786,75388694286,2885318336,5617261430,2877778057,7240470964,1778795527,876604512,1420105585,149321502128,1349616800.0
2022-03-02,29183112630,16636517503,68076385283,2045870796,5351706956,2401047273,6024195138,1262681262,709536320,1415870294,133106923455,1325548600.0
2022-03-03,24967782593,13091199728,57033279685,1598018507,3923999317,2213014779,5303229077,986233549,518193386,990710018,110625660639,1226956300.0
2022-03-04,28516271427,14496939024,61900652306,1740563403,4810312635,2359803521,5218220679,1115108721,650665594,978462899,121787000209,1560387400.0
2022-03-05,16975917450,8072368396,39306054797,1321262776,2645372913,2297850919,3256741612,734896311,334091552,559768269,75504324995,
2022-03-06,19745229902,8872976607,43914369258,1305295273,3162813903,1862292224,3530909004,670024869,400458464,578861412,84043230916,
2022-03-07,28546143503,14594098731,61333826920,2058321705,4227523780,2920222453,4953274846,1040234323,513014829,1012797548,121199458638,2177431900.0
2022-03-08,25776583476,13922922903,55667916973,1684540144,4167069281,1907305640,4610123329,955952004,491414294,896799907,110080627951,1443985900.0
2022-03-09,32284121034,14173665398,67017876859,2425559108,4206640635,2408572082,6174267011,980869497,519157507,988921763,131179650894,1239463500.0
2022-03-10,31078064711,13292477213,65784999972,2105808203,3932910648,2418938595,5575929156,903650101,513641345,949122528,126555542472,1139094000.0
2022-03-11,26364890465,12382419582,58051333936,1550840418,3885937976,3478317257,5387572356,792395101,388727358,822568507,113105002956,973207200.0
2022-03-12,14616450657,6532996574,38101124958,1211417865,2442312633,3730330472,3768359315,493606091,235277001,490928601,71622804167,
2022-03-13,17300745310,8632000379,42268710956,1242011950,2802399958,2141326402,3953028284,772035954,373430106,443402681,79929091980,
2022-03-14,24322159070,11244398839,52613345077,1455465550,3579010932,2212291022,4673513645,924771999,822092169,752768010,102599816313,916048600.0
2022-03-15,23934000868,12861105614,52961395870,1360640456,3439991060,1830181545,4931281604,832137304,400614617,651542710,103202891648,870528100.0
2022-03-16,39616916192,17915109769,74673285342,1788844135,5396067900,2480411473,6387029888,1233395707,537170937,889458609,150917689952,1914129400.0
2022-03-17,22009601093,12685265194,52913216462,1635657390,3742857761,1862028805,5312806292,909733920,412838814,676449034,102160454765,1095585500.0
2022-03-18,34421564942,15830879093,64969319781,1666543771,4336717258,1850743124,6523372608,792706852,410862503,668540821,131471250753,2316358900.0
2022-03-19,19664853187,11576463120,58881848497,1532550954,2958600262,2046393370,5195729495,1103521076,628081786,652091500,104240133247,
2022-03-20,20127946682,12684727326,57837125338,1334193471,2943598190,1529598149,5103760411,949951339,428111799,526734391,103465747096,
2022-03-21,24615543271,15206116098,64828148834,1657341491,3371335656,2485293314,5920195296,1233477886,439486516,588441134,120345379496,811977600.0
2022-03-22,32004652376,16830539230,71455738693,1795119554,4026123791,2370573276,5888237758,1699537576,610507111,730610243,137411639608,1017354500.0
2022-03-23,25242943069,16008767658,68181581345,1645651129,3777569857,2076377569,5781984849,3447683427,998922753,710942406,127872424062,859391300.0
2022-03-24,31042992291,18070503166,77842904360,1831451218,4794381206,2278978187,6662897462,3671006856,2017926806,980186016,149193227568,737167300.0
2022-03-25,30574413034,17030503831,64320675570,1678265707,3995768300,1600059784,4804152735,2232929187,882486375,766975763,127886230286,870705400.0
2022-03-26,16950455995,8876420740,39871932342,1082240527,2351508897,1056420320,2998713889,1407171432,610401998,446969054,75652235194,
2022-03-27,28160889722,13431866834,59103680528,1499505093,3193250085,1505124770,3895506145,1322194562,1445019558,607365423,114164402720,
2022-03-28,36362175703,20620450770,86217871591,2128699500,4736107595,3205464277,6044972360,2304056098,1476875507,856594012,163953267413,775526800.0
2022-03-29,31397059069,19533323636,80447404974,1987696098,4605087735,2120020042,5775301043,1761798381,961074557,839051724,149427817259,1172893900.0
2022-03-30,29333883962,15302506131,79713341087,2181737151,4294916739,1832671641,5809143325,1424442312,884305263,826807407,141603755018,1036020900.0
2022-03-31,33327427106,17685495686,90489848043,2632534284,4965559497,2611691934,6782582380,1745903089,1055136949,958791018,162254969986,925410900.0
2022-04-01,38162644287,20982988937,92250507858,2718206274,4910693133,2091887103,7223143041,1687785845,877530017,895563591,171800950086,811395500.0
2022-04-02,29336594194,23571556215,79916606735,2272901729,4174919496,1624227101,5895317593,1224117012,682408266,749914594,149448562935,
2022-04-03,25414397610,15333808649,67183096448,2128734028,3383196459,1348476817,4953967845,976725814,1047399132,595925446,122365728248,
2022-04-04,32499785455,18209969743,79820905659,2248856403,4217884092,1876069127,5918920482,2447778820,2253509569,661924401,150155603751,837403600.0
2022-04-05,29640604055,16681503199,71594982811,2268650039,3993328112,1548706718,5416144144,1188106135,5230288678,568845904,138131159795,1212100600.0
2022-04-06,39393395788,25632563639,92098510461,2323241738,5849605363,2527126540,6214875386,1710318316,3729047979,867123003,180345808213,1102885900.0
2022-04-07,26101973106,16745496605,61906251582,2125042415,3809231231,1628783831,4565404259,1139697598,1420790611,596685968,120039357206,1153908000.0
2022-04-08,27215995394,17557050669,64297486911,1951923760,3965817036,1684019539,4417706795,926095649,1683800631,552171258,124252067642,919254100.0
2022-04-09,16050772496,9908112156,40069848333,1399108286,2269317026,1008306245,2916229857,640896639,523997409,378660128,75165248575,
2022-04-10,17654475582,10427054790,43341611560,1410282903,2315716300,1046936968,3126220469,626332866,1931829669,340128592,82220589699,
2022-04-11,33949912166,21891804831,73914574528,2192782724,5102389285,2367700413,5047412231,1398303911,1515679359,668911504,148049470952,835767000.0
2022-04-12,30991500854,20235707410,68489224153,2140526232,4605505010,1990027592,4796880096,1076130201,1214105682,805426805,136345034035,772543400.0
2022-04-13,27691105228,16088473629,57894656914,1932053164,3725782044,1678860044,6057649189,791702878,890728707,616413598,117367425395,742706800.0
2022-04-14,24342001973,15821419931,52908937427,1615484732,3957318706,1716488200,3712652655,812010499,1759067761,601697104,107247078988,1005764400.0
2022-04-15,21756855753,11256651536,42988969647,1242920077,3220618832,2897060464,2705008680,574655010,1140382087,407765536,88190887622,
2022-04-16,16833150693,8766710365,35315439111,1022481382,2152278186,1526957904,2119497366,468473785,584019179,312257705,69101265676,
2022-04-17,19087633042,10463091281,40964576376,1088306780,2678573075,1350930297,2379796206,528371933,636442285,340111263,79517832538,
2022-04-18,33705182072,18629381299,68691204704,1925668122,4013104508,2134418883,4794867810,1105222191,909718484,726096353,136634864426,
2022-04-19,25303206547,14156035096,57975539645,1854452731,3629844066,1834225828,4295543759,777142382,679511647,630841720,111136343421,846777100.0
2022-04-20,27819532341,15547362265,66021482830,2035166767,4170091755,1798898557,4801371988,828312845,1068542289,648103958,124738865595,1212543400.0
2022-04-21,35372786395,20783591093,77014328066,2190281843,4474827385,1990297103,4791525318,871111347,740549793,652619938,148881918281,764750300.0
2022-04-22,28011716745,16782795477,60728483573,1895749713,3882678798,1881203798,4330053781,725788912,505251263,1281222594,120024944654,694792900.0
2022-04-23,16138021249,9116955609,38357597167,1354484386,2324060694,1332520641,2556278555,447997661,349740069,549446712,72527102743,
2022-04-24,17964398167,9696829579,39519383045,1222468479,2649077080,1108217932,2615953094,487629549,436620221,420960265,76121537411,
2022-04-25,35445730570,22332690614,73256647805,1910707893,4720363070,2377291271,4981854372,1139869029,5177823685,713007261,152055985570,755160100.0
2022-04-26,34569088416,19052045399,69068297656,1671963898,4221564998,2160649427,4937535207,1020049782,4529010503,616935925,141847141211,847986700.0
2022-04-27,30981015184,17419284041,61043327313,1512587369,3849488651,1722422062,4058882381,927312593,1765370972,530689528,123810380094,958503900.0
2022-04-28,33903704907,18443524633,68392086439,2116381172,4611631886,1546067106,5111536143,836357358,1105137506,522202999,136588630149,917004000.0
2022-04-29,30882994649,18771041399,67899674445,1928209754,4076411418,1962197662,5410035667,874797260,1555397213,666945892,134027705359,983441700.0
2022-04-30,23895713731,13520941867,57266339850,1467605770,3824993132,1649221930,4034171469,868001173,916612071,627531506,108071132499,
2022-05-01,27002760110,15332730152,61420362842,1553846706,3757508036,1657999135,4076247218,928448231,991710768,764724203,117486337401,
2022-05-02,32922642426,18609741545,63751566652,1388077917,3902762410,1687184077,4091207060,805325174,769062732,719881928,128647451921,
2022-05-03,27326943244,13026093219,52924035065,1295877765,3691702287,1460418466,3528620566,649650331,555706527,541950449,105000997919,1342876200.0
2022-05-04,36754404490,18186749944,72222517203,1714496792,4446134900,1959359438,4710352627,1516023155,838050627,742971942,143091061118,699267900.0
2022-05-05,43106256317,22642925048,85679638685,2389487319,5202645491,2183469244,5751936759,1802128590,1258066467,759187845,170775741765,931632400.0
2022-05-06,37795577489,21027599270,81327879764,1834770716,5376284197,2003273389,4736115059,1312283636,839005988,704670768,156957460276,1089227300.0
2022-05-07,24375896406,13369276367,57202594793,1527960119,3623126811,1250412025,7651705097,801558914,746383231,618880005,111167793768,
2022-05-08,36763041910,20802269935,77900163502,1875845651,5432001418,1505054300,10452215427,1085127147,728953161,571608859,157116281310,
2022-05-09,63355494961,36333567678,120710294040,2943374129,8493986111,3297478002,8100176556,2306123277,1353326367,992729889,247886551010,803955700.0
2022-05-10,59811038817,38202099639,128692083965,3210603809,8611992228,3455777036,8730362344,2372592084,1723066438,1574312271,256383928631,919988500.0
2022-05-11,70388855818,45743399154,159700404396,3870618668,15143285239,5290247987,15589615018,2692548110,2556008051,1825527072,322800509513,1206944700.0
2022-05-12,66989173272,42463486402,141052751792,4739990237,18612052637,4641055357,19141081792,2798263564,2631064083,1212553919,304281473055,966343100.0
2022-05-13,42841124537,24816096567,87009885196,2774121165,8025797259,2949331810,9868896598,1946134960,1444350618,920972261,182596710971,871946000.0
2022-05-14,28579868620,15457044616,60781876668,1884570404,5734214071,2021953522,12584143003,1178703676,902479951,658971093,129783825624,
2022-05-15,25835372065,14846088335,53979914930,1611088257,4610661832,1427697924,8030119560,1090431332,651900826,579515915,112662790976,
2022-05-16,32613897286,21459552191,62504490441,1754184298,6650512579,1839092427,8968771547,1291715346,606521740,624793295,138313531150,814978400.0
2022-05-17,29101473475,18509929297,55745978864,1584497815,5271575140,1598581919,6186204948,935138863,560800173,603630385,120097810879,821412200.0
2022-05-18,31285268319,17740965589,56067250693,1520090732,5791540700,1599734223,5858486740,933793601,558257804,583536015,121938924416,830397600.0
2022-05-19,33773447707,18734247914,59651836770,1646882950,6580258237,1557252121,7128537722,939230823,613801947,562277160,131187773351,1037438100.0
2022-05-20,30749382605,15892482289,54960961209,1756670714,5519038708,1721877559,6067105966,722609837,518556378,471529777,118380215042,790841400.0
2022-05-21,17274840442,8546822406,34924240134,1318736979,3085866979,875738315,3634961961,428041383,335246011,336382745,70760877355,
2022-05-22,21631532270,10941123403,40965864100,1604297406,3493584223,896133087,5907534747,489742264,375026021,366281413,86671118934,
2022-05-23,31483454557,16434529708,58585612765,2228144099,5594245864,1399019792,7517762774,753004177,507385171,526180432,125029339339,819767300.0
2022-05-24,26616506245,13057109007,51053417289,2002782969,4616931095,1394251522,5019654714,678125877,462415724,491165132,105392359574,1113802600.0
2022-05-25,27525063551,13364545730,50311844127,2008481372,4580073336,1587278448,5322160200,589015500,419834752,431704050,106140001066,898078000.0
2022-05-26,36774325352,23458681818,67771285444,2686414043,6850921932,2091610974,6748914760,909554798,711890873,639244926,148642844920,709669900.0
2022-05-27,36582005748,25470760032,67961870830,2593113824,6832701659,1927217638,6183776987,922413717,1310057650,593527918,150377446003,713185000.0
2022-05-28,35519577634,23214777872,37159842905,1471633413,4367920911,865258883,3098142540,448858644,535539620,335254570,107016806992,
2022-05-29,18093886409,10642556101,34572061153,1208835000,3972282488,752879867,3122801413,444269488,394962471,319839657,73524374047,
2022-05-30,39277993274,19580808705,65155466235,2064357375,6484139842,1404448305,6441103252,1185015742,690696756,506811869,142790841355,1009169800.0
2022-05-31,33538210634,18363115560,62841794272,1711532960,5896228360,1738462198,6529694566,3269050143,672444588,532469324,135093002605,1620576000.0
2022-06-01,41135817341,21037797760,68866735590,1763624947,6158677984,1569696040,7440818455,1404107650,830748610,490354332,150698378709,734829800.0
2022-06-02,29083562061,17065041354,50520845556,1228180850,4994899697,1298797541,4667275756,1257661647,434510607,383387514,110934162583,
2022-06-03,26175547452,14878001811,43789145735,1115211127,4266590882,1284592602,3966721500,910186327,403339248,313900785,97103237469,
2022-06-04,16588370958,8677951273,30834183068,805954970,3190396150,696569397,2498217083,559861766,350329772,216977139,64418811576,
2022-06-05,17264085441,8850385937,30872185296,779603321,3227635578,726398938,2621810817,478128224,282624184,248703613,65351561349,
2022-06-06,31947336829,16518471852,51540243030,1470941103,4623471415,1221803580,4632444530,1417826128,503707292,443338176,114319583935,696171700.0
2022-06-07,40770974039,24020076750,67008901675,1752763456,5926284249,1666703798,6836652197,1450579665,509642725,388909824,150331488378,750124500.0
2022-06-08,30242059107,18041476023,52176620958,1136631692,4466105669,1183206226,5155728236,1636846100,328046389,311907113,114678627513,776478300.0
2022-06-09,21692004719,12013083393,42359067750,800984464,3391661643,911815336,4601384135,1166081755,274673852,587025588,87797782635,771939100.0
2022-06-10,29867476527,18504740451,49685289881,1362797648,4483108536,1424539679,4695773420,1170021356,431520761,498554578,112123822837,911375600.0
2022-06-11,27246574439,21127089064,48736816876,1220361307,4801662884,1111401064,4425812631,1232257018,497184012,390290153,110789449448,
2022-06-12,34163220274,23465074882,59051274983,1380200465,6008997676,1370072145,5731962347,1474640183,708156957,433394162,133786994074,
2022-06-13,68204556440,45162788786,107410569162,2471570710,13815639937,2558939154,11519495508,2551895485,1465281537,756124042,255916860761,980090400.0
2022-06-14,50913575242,33327826525,81024425505,2027226914,9261666900,1977069964,7615185011,2241209963,908921329,599507003,189896614356,864847700.0
2022-06-15,54912007015,37539999450,89017006423,2244407305,10865090032,2242860490,8552268807,2335125416,1122284662,652567592,209483617192,1089092800.0
2022-06-16,31183975654,18907671369,52400892767,1483212957,6216714654,1477710114,5406986455,1226235066,724479688,417630104,119445508828,1162889200.0
2022-06-17,27132421514,14591486540,43836219287,1108538874,5283451774,1381554091,5008980631,872710309,383830484,299743978,99898937482,1908921300.0
2022-06-18,42009436760,21655406608,61973128141,1579731402,7168140282,1403189628,6605490616,1214101657,652345943,491406505,144752377542,
2022-06-19,35329942625,21795481981,55603476684,1333254615,6073489273,1159418572,5147188373,1050008285,1166163984,451106960,129109531352,
2022-06-20,30818458597,19739691429,52157987688,1235838900,5394231917,1187888833,5135462320,1096263588,499018791,471727687,117736569750,666757200.0
2022-06-21,28970212744,15632089439,50165859626,1165714518,4898540814,1247582002,5013113114,1018828248,1051899538,522789437,109686629480,580244500.0
2022-06-22,28574793478,15010593493,46130025676,1050984086,4567777097,1064144662,4345858266,818977392,633619298,605095606,102801869054,1204359700.0
2022-06-23,26188097173,14657862919,43198538082,1148541185,4598601365,927324605,4346458681,711554788,434169751,1124167841,97335316390,763870700.0
2022-06-24,24957784918,16981552654,46919267632,1127877901,5032854948,2253100828,4690445711,945924412,514729444,942003078,104365541526,772223900.0
2022-06-25,18372538715,12481946184,36390241725,915553554,3411506544,912142249,3310831487,649820170,432671864,552357436,77429609928,
2022-06-26,18027170497,12096607824,37228683270,823875890,3243270528,789514304,3392421095,842528877,883689355,450317651,77778079291,
2022-06-27,20965695707,12492225250,39296953700,841135242,3977297459,989571906,4737933957,709992597,962250061,549370870,85522426749,802411400.0
2022-06-28,21381535161,14023205651,40773930242,1082126615,4237935225,1038924972,4847156949,724759074,534793983,637527134,89281895006,735789800.0
2022-06-29,23552740328,15386286815,44380636377,1062609997,5094612628,1094664825,6188661840,769352065,592828738,891744786,99014138399,718640800.0
2022-06-30,26267239923,16350755497,45578518327,1088852065,5219514116,1456445785,6202546205,903962268,566648029,889833979,104524316194,903650800.0
2022-07-01,30767551159,17499453625,49683415220,1234215934,5311122206,1249145615,5260378585,796619668,472441458,656930197,112931273667,677216200.0
2022-07-02,18100418740,9935603640,31666712588,767361243,3973778503,608601610,3881252912,494852064,352589827,407056822,70188227949,
2022-07-03,16390821947,8557248150,27890770459,724525676,3614447154,728566418,3731656763,439469536,280878240,422541679,62780926022,
2022-07-04,21594638208,13670889311,37816157114,1039372640,5032411793,1018446189,4532801976,808524892,379581122,419335308,86312158553,420674600.0
2022-07-05,26715546990,16195518291,46794873591,1310031377,6243487902,1130550266,5028050090,766706338,403220687,902290223,105490275755,1105144500.0
2022-07-06,24598943708,15373536703,41932894214,1266715664,5406302050,1099742037,4756293945,622551308,398926503,701023242,96156929374,933905000.0
2022-07-07,25814972520,14230795894,41395542117,1108137930,5521739581,1037133139,5198122168,619107061,402591742,599797232,95927939384,1108987400.0
2022-07-08,49899834488,16315929082,64720676603,1341618380,6142274118,1469173608,6411440193,827327238,444369733,903157847,148475801290,604222100.0
2022-07-09,29641127858,8821353104,38957001478,851653424,4905270940,602546961,4461460302,666827059,254272147,400549040,89562062313,
2022-07-10,28688807249,10984558039,40170710077,881096013,4439375698,913229467,4484473153,612314122,299810124,337318168,91811692110,
2022-07-11,24150249025,12064180410,38726869251,1021066311,4843512117,1042057085,4304223676,737643033,326125900,598956040,87814882848,676893400.0
2022-07-12,25810220018,12583282453,40368791506,1140033692,4780296209,968873598,4772113280,707915451,298462083,665827836,92095816126,855143900.0
2022-07-13,33042430345,18302588147,51757860849,1431776142,5445116047,1295979555,5865390079,977278539,446505400,964955675,119529880778,805881600.0
2022-07-14,31158743333,16688640823,49222660233,1609361574,5345559224,3386821229,5763579045,861474952,348090510,1558366887,115943297810,848278400.0
2022-07-15,25905575359,17411448225,45982487607,1151260376,5646216485,1512184333,5746399176,739541229,374357844,1100009259,105569479893,782905500.0
2022-07-16,24302954056,18364013796,44126749597,1030985968,5382938984,1292123515,4914750577,653009372,279644299,707554906,101054725070,
2022-07-17,22927802083,16079711737,42189248625,1050861669,5540927850,1093079294,4716284406,695937971,249697026,905988052,95449538713,
2022-07-18,39974475562,27440420623,70390606911,1632324536,8456901936,1627385386,7824000522,1514608156,564795959,2394645074,161820164665,670662200.0
2022-07-19,48765202697,27753529276,77160548741,1925805446,9504899153,1604201237,8650828628,1558576681,552211168,1657404213,179133207240,665883200.0
2022-07-20,42932549127,22942708340,68306872702,1675018362,8806753436,1534818247,8537816725,1559480054,1019375521,1482302697,158797695211,1059158500.0
2022-07-21,33631012204,20009556587,55292189306,1220055525,7372587537,1202692151,6365773600,929201777,492434239,1529051737,128044554663,798169600.0
2022-07-22,31421555646,18926100582,51645071119,1173778496,6285903773,1150022760,6286215043,783147406,479456105,1063418790,119214669720,606877600.0
2022-07-23,24021799169,14998811383,43014917183,1108172504,5287167945,863843426,4574101551,837188756,427922351,759538576,95893462844,
2022-07-24,23565495303,17217849557,41955275140,913146574,4866184511,912894827,4727016296,910596091,369141492,776354383,96213954174,
2022-07-25,35574561406,20585056021,56307512994,1005244476,6431520471,1207904872,5660205816,747132740,448572441,873721558,128841432795,711402100.0
2022-07-26,28624673855,18238563509,48266723630,926779355,6871887569,1110467650,5204855964,753266177,416488015,851549991,111265255715,730984300.0
2022-07-27,31758955233,23007524016,60104591185,1405510237,8262809031,1314040220,7739121672,1108377917,499204589,1309169356,136509303456,1188866700.0
2022-07-28,40212386158,27231399966,75754591120,1648592412,9419521160,1839928651,8590307252,1404871202,650983024,1720898181,168473479126,745838600.0
2022-07-29,35887249746,23249531113,72013108986,2562325488,8773001546,1706911237,8913658107,1601170272,696887711,1547385033,156951229239,883363000.0
2022-07-30,28148218301,15576977870,57489826931,1578905327,6342886733,1767280595,6503236647,1247885850,760571682,902081407,120317871343,
2022-07-31,23553591896,14200735370,52267348020,1313531523,7124030237,1359568596,6199044656,875157898,521194035,1102958859,108517161090,
2022-08-01,25849159141,16191371176,50882756969,1314157614,8090652736,1059391028,6732350584,647889797,444088167,722759640,111934576852,558506400.0
2022-08-02,28389250717,20426082309,54793315279,1768344106,8333966555,1232425419,6645412034,709947033,336642237,673685749,123309071438,623919300.0
2022-08-03,26288169966,16786218830,47717439471,2133584480,7123782220,1105707649,5485365451,553477710,286819387,555479859,108036045023,947917500.0
2022-08-04,25120229769,14467440626,44526180493,1926587001,6265705595,916895439,5745937403,499753654,256457805,437387660,100162575445,858684300.0
2022-08-05,28881249043,18546491876,49723473321,1585061398,6033672422,986100302,5455954302,536832135,336216727,485360586,112570412112,609722300.0
2022-08-06,15978259885,11757911705,32961917502,1151509385,4013049170,498759511,3687174602,370884770,277979112,344583187,71042028829,
2022-08-07,15886817043,10252090340,29901528651,1012978419,3504912367,509151829,3175297520,495713645,204862521,253514512,65196866847,
2022-08-08,28575544847,16841424404,50243147547,1318773332,6960679226,1030742941,5526283556,782794306,399183407,435882666,112114456232,626255900.0
2022-08-09,23555719219,16368619692,46070684571,1139003043,6736005317,4098651206,5475918085,636681258,611327142,359259096,105051868629,648601100.0
2022-08-10,32837431722,23512477984,60085173824,1738218767,7908008277,1732723595,7626356466,816259967,431172729,472643830,137160467161,766193200.0
2022-08-11,37127036580,23826986482,64445391375,1511577808,8324806426,1088394568,7201370519,819277170,563908591,416497615,145325247134,630220500.0
2022-08-12,27265804688,17168141904,46783370955,980643843,6575377525,923071430,5193684859,538287825,320410367,300866061,106049659457,497719500.0
2022-08-13,22987346289,16038975216,41593883061,991712327,5445129024,590320028,5407307110,930190208,446287445,881678148,95312828856,
2022-08-14,22994133555,14062754456,43866838979,936178150,4448890165,754512693,5112255401,1180283864,1530403447,545099545,95431350255,
2022-08-15,35123501685,20349931313,57703388667,1141553086,7302904711,1046905199,6209795580,876107175,855017472,560505268,131169610156,460509300.0
2022-08-16,27753685646,15637578930,46945222159,963072351,6162980451,930440616,5601078041,734187541,1947377918,404175969,107079799622,514362800.0
2022-08-17,30931623076,20308508124,53355167557,1111784114,6429626031,1408497181,5804551198,1035477916,996272861,474243132,121855751190,505660900.0
2022-08-18,23747613147,14999352229,43149679443,1041814513,5259309739,927786270,4491889715,642877241,621394159,377740073,95259456529,606626300.0
2022-08-19,40509610260,25906358731,64302127382,1598319492,7104084896,1645536381,7543538943,1294433367,965543533,733235258,151602788243,726312000.0
2022-08-20,27595671000,18334580263,64302127382,1315367730,7104084896,848212364,4443917854,792647751,537299425,504568039,125778476704,
2022-08-21,23102307723,15849221752,45699064002,1249205607,5446317941,835616993,4140857537,616272980,421455865,398602156,97758922556,
2022-08-22,31666498758,18557078599,51710064329,1463703478,5446317941,1001511240,4859670365,722091304,453413439,393663565,116274013018,575411700.0
2022-08-23,31878280659,18322041914,52978066914,1034959891,5446317941,930696331,4782594109,562953519,335476543,381832173,116653219994,673045500.0
2022-08-24,31962253368,16780932907,48708536003,935405757,7342467396,957472562,4859837991,494717036,345474347,322771599,112709868966,579010600.0
2022-08-25,31028679593,14818795695,45854093190,973529233,7247298408,970585823,4230243446,525337287,469798193,287070102,106405430970,438562000.0
2022-08-26,42326789564,26713710143,62406193046,1210077085,9023777773,1653482688,10264830869,1299179883,620512451,598910538,156117464040,627296800.0
2022-08-27,30116729776,18120831899,43316381517,962669292,12367955268,920820399,5418792299,733099946,380887727,494847400,112833015523,
2022-08-28,24366810591,12823572918,34337927087,758285305,6479740107,596573621,3901333042,519341943,295086067,416300398,84494971079,
2022-08-29,32637854078,17965837488,45837060552,1009161525,8146241733,980137287,5680701100,587946527,315005254,471278672,113631224216,
2022-08-30,34483360283,21835784470,50170084207,979620743,6564730413,948448428,7193385316,640051711,328934727,444772792,123589173090,1120430700.0
2022-08-31,33225232872,20591680941,48405934722,952486877,5586800452,882676752,7506760903,521553602,309748693,424995293,118407871107,1154010300.0
2022-09-01,30182031010,16434276817,44702355872,954919263,5070758690,875126154,7713153850,582859437,328765413,576674842,107420921348,746248100.0
2022-09-02,29123998928,17708478709,44468235183,807053745,4800544392,899373528,6970190867,525812957,273453013,503166473,106080307795,820948300.0
2022-09-03,23613051457,9516825994,30873646175,490102253,5057166378,473116925,4080792726,778592386,297123402,287161411,75467579107,
2022-09-04,25245861652,8884144998,31495577330,512014471,6332291606,431905800,4345105641,907968827,250044436,264242142,78669156903,
2022-09-05,28813460025,13060541168,39598045837,665273781,6182567826,761048973,6960859086,646475147,231918999,290591111,97210781953,670793100.0
2022-09-06,43403978910,22946059125,64015343588,1173656468,7323352432,1337360825,10063711703,982012136,471485708,601374311,152318335206,836364000.0
2022-09-07,35239757134,19560363854,52755357561,963734560,5925798240,1128804315,9439836894,693147052,324781387,416321463,126447902460,1176357500.0
2022-09-08,32194477850,17621046717,49640976411,870477242,5599051311,1065222913,9877119980,647768733,268099702,358768227,118143009086,676276000.0
2022-09-09,48469528171,20242323690,70683518131,1139680146,7486756055,1487790472,14598870317,858927416,487988732,441662237,165897045367,703941600.0
2022-09-10,36913738894,13130928217,53524443076,851195253,6034410916,851397394,9634577353,995666468,413101249,384193062,122733651882,
2022-09-11,34493951963,12464301922,47160062304,700835025,5285353049,650515883,8265336407,705305295,327741964,282903791,110336307603,
2022-09-12,50212088965,17688391310,66834639114,998624528,6603561164,1077587297,11986192446,856809100,383630739,676653496,157318178159,903301500.0
2022-09-13,51091116622,23066821734,71413926112,1136956066,7447771857,1443625685,13203751025,1004511415,461644993,708971458,170979096967,712367700.0
2022-09-14,37872380889,17897150206,55170613417,956413768,5785823308,1227835854,9927670952,737527013,369554274,414726283,130359695964,1021172400.0
2022-09-15,36389011503,26946275878,60606622307,1080164338,7140693834,1521572444,10207015562,685227625,327176374,459779689,145363539554,843763100.0
2022-09-16,30123362273,16764804299,46290851147,803452434,5765020468,1375977237,8969002446,558761609,247011315,362934299,111261177527,2140678300.0
2022-09-17,24957448100,10798098671,34904822689,560951664,3630797018,1621592330,5929154239,511814025,209604119,214451443,83338734298,
2022-09-18,31254779144,15762284723,46056427438,789437105,4028540366,2485765138,7971539238,677522389,265405124,341411325,109633111990,
2022-09-19,40177002624,18712714223,56769197831,1074224923,5448220572,2788638051,9750460921,776470650,301268389,406203002,136204401186,
2022-09-20,36791346508,14722317220,50515394641,845702947,4922676526,3912067532,8134767274,544680283,294929293,319496345,121003378569,1046871600.0
2022-09-21,46363793975,20643507800,63560607050,1057177278,5956755763,3401100359,9583302363,1223771049,406017754,504388100,152700421491,1446128700.0
2022-09-22,41135767926,18461527259,54330130153,843345381,5233558179,4916275588,9067673459,762487961,241738855,385955163,135378459924,906687400.0
2022-09-23,38896078052,18771106339,58265731392,869618433,5282910708,7798770582,9334269253,1025328778,704823247,474826577,141423463361,982104000.0
2022-09-24,26149643168,12098209717,39015165939,818302597,3875334932,3512953969,7469401871,582129449,969527521,293756031,94784425194,
2022-09-25,23359966112,11802651633,35041309688,640533920,3878358168,3422191941,6699091780,528836100,367453955,258814984,85999208281,
2022-09-26,44148798321,16034549271,57810071895,716989161,3999499289,2916387564,8338776212,630690579,323710024,397177759,135316650075,1161459400.0
2022-09-27,58571439619,17870598937,71681603882,927431127,4795683665,2838537511,10212165464,683067297,337427597,478557757,168396512856,1223459100.0
2022-09-28,53071298734,18994979566,65738293663,857467325,4650658918,2670489294,9037378098,618645006,277399298,328893890,156245503792,1525149400.0
2022-09-29,41037843771,13796915736,52649004466,800888080,4102135594,3292742359,6906007418,533583651,229157795,305866877,123654145747,1165954500.0
2022-09-30,43975248085,14250100093,55223655589,905481572,4870470845,3780354931,7228359187,562475136,369084722,391076262,131556306422,1171310300.0
2022-10-01,18719537670,6227961237,27312920843,593375648,3108134491,1544057825,4401538576,317805815,347895211,178022048,62751249364,
2022-10-02,20765955327,7578351650,30109417396,556343468,2933405193,1524148633,4876227728,404886268,198168354,208719269,69155623286,
2022-10-03,30484729489,10153070907,40191505534,700566674,4449830981,1852548565,6430729201,454947649,195766522,344848867,95258544389,1216065800.0
2022-10-04,35887278685,10139774963,44505643606,794566055,3702781171,2192220219,6759645878,443212603,826424315,415206537,105666754032,1121827800.0
2022-10-05,33223790572,9774451820,41883470473,656837388,3648372214,2480530357,6621650545,442089311,606625264,401515889,99739333833,868625500.0
2022-10-06,34711412966,12033514861,43958843047,1010110227,4064924187,1913140571,6424323149,429115801,387962671,337167164,105270514644,995714800.0
2022-10-07,29227315390,10061619355,38019451874,952606066,3663387742,2627481992,5512939188,412845097,299717356,276562022,91053926082,807923600.0
2022-10-08,16437423167,5804676208,23441883205,604706997,2735745388,1771062053,3680625187,295762328,169254316,169195349,55110334198,
2022-10-09,16837262532,5486230123,22977760897,570350814,2260430910,1789206998,3456238969,280279986,158280272,164897204,53980938705,
2022-10-10,27425022774,8794491050,37843287016,655201928,3234465931,2359086772,6166681361,522186013,254559947,321110887,87576093679,918512600.0
2022-10-11,28711532910,9274845260,38468219592,584301468,3635935332,2303743073,6363227768,647675205,295967661,288662617,90574110886,813949300.0
2022-10-12,24950173846,8355638578,33048616462,546926291,2920458912,1375026360,5211379224,470666876,199133108,180040402,77258060059,973810400.0
2022-10-13,44219840004,17499038202,60450860335,1124480167,4863475901,2840221578,8484435150,1059234268,466439562,438551832,141446576999,1116625200.0
2022-10-14,38452356727,13113767755,48926387475,809144930,4058420604,2184144921,8085805833,563104935,242691429,353472475,116789297084,881210300.0
2022-10-15,16192235532,6798512624,25527432092,491674298,2551998130,842401177,4552179277,349542728,182208164,215477642,57703661664,
2022-10-16,17988916650,7491625206,27428821905,563344666,2511992440,1028960255,4728210778,337167739,162246280,169766308,62411052227,
2022-10-17,27472552998,9401189650,36706571573,594844795,2980936199,1476868338,6460725744,360241999,174261450,326387947,85954580693,951222700.0
2022-10-18,30580012344,10416747806,39012357142,599934776,2885568216,1380317427,7138513519,435708572,239236218,541671174,93230067194,932599200.0
2022-10-19,22425387184,8350692785,32767030077,497761035,2645576295,1434466929,5876531933,430500856,287297160,427470399,75142714653,699543100.0
2022-10-20,24493974420,9009111996,32981854458,539795617,2679829482,1712992943,5559430612,497190070,241388629,396510394,78112078621,814484300.0
2022-10-21,32459287866,10412565245,41430999058,593811687,3250082894,1644912255,5872813337,513576018,224787600,410164043,96813000003,668448000.0
2022-10-22,16104440957,7175324564,24133042918,391459296,1929650726,884856882,3420800232,345854400,159431212,234542597,54779403784,
2022-10-23,22128794335,9909510925,31629519444,483765500,2276952462,950974305,4461506899,394201921,182523575,370198046,72787947412,
2022-10-24,30202235805,13092820173,40494105063,535946814,3031244247,1293537737,5618010118,389895509,226574582,516315604,95400685652,620033900.0
2022-10-25,47761524910,25367291294,64740988487,940035659,4523233356,1605966218,8017370284,1215554912,475512798,535291216,155182769134,621328900.0
2022-10-26,58895950537,32705548427,78294376043,1017326051,4575654708,1440473976,8959701738,761857225,1357027720,571732025,188579648450,1054624200.0
2022-10-27,49625110402,22813499245,68447928073,874526054,4234666654,1694861069,8053476085,719088729,2652784687,521052785,159636993783,920365100.0
2022-10-28,43994715910,19974623205,61718295435,1072756219,4000469292,1201992237,6685417232,618236710,3172500998,409318237,142848325475,683640200.0
2022-10-29,40369840645,21618154775,67603092351,1397370727,4594883158,1404785407,8171731809,855151911,12157642295,389648283,158562301361,
2022-10-30,31486345556,13930073427,52873524542,1451550019,3672657264,964813817,5955857683,577564479,7908593943,342556743,119163537473,
2022-10-31,45668466815,19306919714,67168423338,2168405759,5307443271,1462007947,7883853467,569992895,5814247122,357871211,155707631539,881761300.0
2022-11-01,39819303159,14507311208,56795449219,1329110451,3559235451,1273429763,7242954997,452398724,7877293443,303482226,133159968641,879817800.0
2022-11-02,55552169483,23254218281,76399032768,1411029750,6343248164,1381853436,8285948224,741360035,4675647398,596962768,178641470307,688038000.0
2022-11-03,43228750179,14248351007,61590549857,1514834239,3480226568,1086924485,7536474493,445099982,2570574344,1002654774,136704439928,721711200.0
2022-11-04,64072727950,20806964347,88078834184,1938879952,4189794922,2774226120,10226942529,909794346,2957002544,2150586683,198105753577,960620800.0
2022-11-05,37846047609,11006973190,57121137337,1231594445,2820629269,1216193223,6905540121,701622249,1907421740,1364033580,122121192763,
2022-11-06,35082693210,11632744705,51095877870,1143505730,2414704424,940815148,6180167998,495843423,1316810628,806605557,111109768693,
2022-11-07,53510852236,15279963349,72598608064,1811518274,3478168774,1592938583,9152532377,554735710,1337977256,1641348644,160958643267,718412900.0
2022-11-08,118992465607,42048003440,162734866334,5390603525,9481272661,3984776863,21100945115,1420168187,3545838435,2461758515,371160698682,959888700.0
2022-11-09,102905151606,38864492427,143975136007,3191459132,10733960295,3642933610,20146853424,1446651845,2807794508,1696088006,329410520860,529922700.0
2022-11-10,83202283721,28581002122,114807119109,2461275687,9392844548,3104223968,21213475804,1353707790,2421832556,2117545790,268655311095,769446200.0
2022-11-11,55871616488,20920539099,74933538836,1625174426,4591678573,1720205430,14105832815,595121832,1305192050,1493675055,177162574604,931267700.0
2022-11-12,29717699419,10964962767,40298138489,1189401392,2456430569,931936263,10997769691,389700815,1842469589,830459541,99618968535,
2022-11-13,27209183682,10717455214,40189889540,956106804,2374782585,1064115311,7253712643,405636157,949584216,631517870,91751984022,
2022-11-14,49630243054,15028035663,65634612428,1541330420,4017714642,2400878272,10250311528,484659345,1212678659,965406280,151165870291,732981800.0
2022-11-15,36599436183,11798011594,47859299075,1116291060,3132740778,1966568664,8032879524,312070544,640084422,675911627,112133293471,939772400.0
2022-11-16,33925512989,11939561598,45661177296,908816092,3988959847,1315104592,7336542529,279986402,712826081,471985131,106540472557,765409500.0
2022-11-17,27868914022,9723646871,37744442250,854777255,2882973153,1326199204,5758493091,238288352,461654197,457936835,87317325230,752043800.0
2022-11-18,26862218609,7979913378,34879098921,685307608,2638924708,945178987,5789797834,223268757,337485766,312611635,80653806203,844911100.0
2022-11-19,16106223492,5978745776,23288439137,551451228,2142545663,571403780,3319622761,160053174,246661551,236332792,52601479354,
2022-11-20,21313378652,9651002684,33834889406,720361905,2631891750,1156162576,7510289975,241625735,499031478,379584714,77938218875,
2022-11-21,37429485518,14080099208,54558293762,1094850661,6600804024,2153323835,9125701526,402254597,660061266,577576859,126682451256,666262800.0
2022-11-22,30726828760,12040670755,44056204568,800429058,4058680571,1363821412,8437515430,303965817,556392479,672822806,103017331656,575525600.0
2022-11-23,32958875628,11242676044,45720458651,1920236928,4043753926,1100062349,8019215464,326001398,529744394,465038908,106326063690,872545100.0
2022-11-24,26129037414,9706372376,36841695607,1219177799,3455771499,1259638131,6694921353,221490892,360326829,351857069,86240288969,418286100.0
2022-11-25,18678255976,5483308196,25728613650,949045515,2547890810,1269230070,5814018349,205372207,1022484210,238415183,61936634166,522719700.0
2022-11-26,18000008764,5074160558,25190862393,1221554861,2436483647,614794664,4877092187,206097213,902063657,229116164,58752234108,
2022-11-27,20443898509,4486976868,27588594951,793779029,2289589937,630018233,4614831258,167898046,1965264746,199630187,63180481764,
2022-11-28,27743025156,7275411870,37268352299,1154829072,2949046303,1179083829,6906132682,268746809,1375600313,293294577,86413522910,662622600.0
2022-11-29,23581685468,7639405818,31450915067,986451640,2909572697,969049648,6558827481,184241191,1352427444,223650810,75856227264,714685200.0
2022-11-30,29523576583,9836925304,37405224166,1009620336,3389698194,933343511,8863202636,272587134,1388624554,495703018,93118505436,1394738300.0
2022-12-01,22895392882,6857935276,29913541569,1433086340,2503961407,742091191,7629631366,205527704,891639200,468978303,73541785238,642843000.0
2022-12-02,19539705127,6213645709,26380777290,854253818,2490597772,778302835,6490009672,189604155,776013992,361496926,64074407296,540219900.0
2022-12-03,16217776704,5672609405,20609261957,634607105,1795238577,496500336,4321909803,228514876,632114946,224283182,50832816891,
2022-12-04,16824520830,5174128454,21649754992,633441009,1702758189,450960651,4329311363,174449332,759219556,173986591,51872530967,
2022-12-05,22209086834,6120359523,28743587598,705616866,2283841749,890179719,5878580818,202743238,1051327257,317851610,68403175212,509145400.0
2022-12-06,19889922369,5089212680,25563996757,610280514,2226009116,814317329,5581936298,162651156,534648134,235153668,60708128021,805368600.0
2022-12-07,19675404389,5752205180,25829885797,759320494,2274813216,839949038,5824640765,224226547,622336382,297194794,62099976602,727846100.0
2022-12-08,20496603770,6227269815,25868764140,646645162,2170271743,770396956,5709314843,164158396,492909327,268116222,62814450374,637244700.0
2022-12-09,20328426366,5706183865,25000886944,644239750,2120225426,693718603,5770865206,158935988,423432535,221578412,61068493095,741398100.0
2022-12-10,12706781969,3282499999,16256414916,439735200,1280687558,331624480,3896163188,95343947,242190274,152011098,38683452629,
2022-12-11,14122486832,3362005848,17036610394,496833486,1330942018,366643114,3708577437,121149579,300470314,141914043,40987633065,
2022-12-12,19617581341,5151109364,25872687355,974762447,2410188441,881038173,6514103008,180119689,749817261,236843698,62588250777,606464000.0
2022-12-13,26634741631,8812883119,37452330494,1925504273,3884992735,1137292765,10928458036,304333274,766352149,422558230,92269446706,688121300.0
2022-12-14,25534481470,7830915428,31427740393,1026628081,3151848157,893235466,7293948776,255357209,549320298,328675064,78292150342,745004400.0
2022-12-15,20964448341,6032859783,24979746073,709349174,2460794466,739736057,5440033506,221898095,412364377,243269084,62204498956,616549200.0
2022-12-16,24031608960,9297811507,31897990627,1264053277,3154403231,1061370203,6499618945,415410448,699338853,423423337,78745029388,1834745500.0
2022-12-17,14463581825,5077258586,21306704152,1196953526,2160638041,590468250,4321525257,336512356,495547979,291109286,50240299258,
2022-12-18,10924354698,3350092519,14422416298,925487110,1068964229,313888826,2744176088,178941855,256971055,179850704,34365143382,
2022-12-19,17221074814,4943628091,21820408554,751196285,2366552622,986711247,4575546070,225101432,581773249,346669175,53818661539,517840400.0
2022-12-20,22722096615,6684951715,26224288350,667866377,2562520190,932296715,5509011995,187028227,438099132,326769527,66254928843,799491300.0
2022-12-21,14882945045,4217182733,18469483242,479296549,1950566712,743732204,3745056661,204481179,349830700,187415142,45229990167,499178500.0
2022-12-22,16441573050,5297471739,20067291688,543367184,1850998745,685101342,4095404239,174290867,593083646,200780671,49949363171,402305900.0
2022-12-23,15329265213,4835831923,18370924559,388929772,1885345751,577979156,3799544918,178906111,398842519,166134842,45931704764,222853700.0
2022-12-24,9744636213,2626153345,11647419533,280627376,915340746,225391032,1966930385,90666010,165055617,100230352,27762450609,
2022-12-25,11656379938,3942720070,14856104217,298063868,1380163674,323700210,2742694443,118238326,423876257,118950074,35860891077,
2022-12-26,11886957804,3282098400,14986560291,276115280,1442718612,797909103,2891652706,151542330,248935710,146611842,36111102078,
2022-12-27,15748580239,4091530737,18554435182,391342277,1696141537,905248563,4511338382,164331309,290428818,182445576,46535822620,
2022-12-28,17005713920,4991669631,21161758512,414698978,2210122747,839617676,5136431856,209596269,496350491,203426011,52669386091,416900400.0
2022-12-29,14472237479,4132233940,18567214596,345312528,1972864413,898022518,4528743837,214425739,285144119,171915602,45588114771,351759900.0
2022-12-30,15929162910,4055668253,19162959224,342300809,1879667314,672119602,4282713395,159952057,419889739,212498103,47116931406,254135300.0
2022-12-31,11239186456,3018513333,13466542553,307551853,1329559200,337167278,2690117726,144122815,289371049,119298994,32941431257,
2023-01-01,9244361700,2399674550,11344984018,278651737,1197927576,290828851,2236386722,113369989,185279750,106486711,27397951604,
2023-01-02,12097775227,3765758498,16348780894,357733262,1562545140,1325787126,3472526101,159328803,405800240,194853754,39690889045,
2023-01-03,13903079207,3392972131,18233713873,377452410,2006189065,811872325,4000802165,153555529,283398864,171447001,43334482570,914070400.0
2023-01-04,18421743322,6404416893,24715975399,632924961,2402538600,803671745,5848512182,289945179,343264145,304446233,60167438659,753877000.0
2023-01-05,13692758566,4001786456,19334292777,342934041,2080129330,669029812,4390715813,175511469,424927580,195814324,45307900168,883850800.0
2023-01-06,14413662913,4977252792,20350836697,417893264,2361812755,741263420,5219509726,326480796,306914647,217674581,49333301591,813538800.0
2023-01-07,7714767174,2565213548,11626878301,327712514,1570732742,334559534,2321828768,166488086,173703551,165603125,26967487343,
2023-01-08,9768827914,3495088905,14853747515,491734030,1788498969,515669684,3070320860,391160515,246133445,221262875,34842444712,
2023-01-09,18624736866,7990438824,31331363115,783671054,3646138496,1420062936,7449659964,957174794,853703837,465942706,73522892592,847858600.0
2023-01-10,15808338949,5830173253,23843949758,470259383,2630571530,815342810,5716619108,415469645,492952309,250740721,56274417466,933139900.0
2023-01-11,18372283782,6314904311,25576360686,466458216,2801305360,1498360174,6484461952,323983138,394318759,302396705,62534833083,1041280000.0
2023-01-12,34971338710,12230193038,41556485542,655903255,4571366092,1226464922,11090304091,497343610,706796194,577693595,108083889049,738395600.0
2023-01-13,29225029694,7684148212,35704375577,561853825,3509707746,990539135,9302227884,365604016,575039277,378692489,88297217855,754267100.0
2023-01-14,38967784639,15444626014,53708266585,1087358891,4297415658,1601102466,13600786556,747126617,1101070507,978285806,131533823739,
2023-01-15,19298407543,6774614499,30028224816,562889882,2635965361,829206058,7356561754,358086150,501123418,418050492,68763129973,
2023-01-16,26792494050,8454485431,35957366329,602126315,2899726940,1454332113,8997658789,398812791,537067710,688279193,86782349661,662559400.0
2023-01-17,24999983362,7599462786,32250868598,529752305,2965132328,1025137174,8569004353,296246243,366437449,448317117,79050341715,992753700.0
2023-01-18,30005625418,10354880595,40496222408,844268123,4209476194,1484076132,10437553279,461982437,1094371447,547193065,99935649098,963849600.0
2023-01-19,21152848261,6432638856,25966707878,431382130,3098920631,1108881766,7315787461,252071129,337970684,330694966,66427903762,732044900.0
2023-01-20,28799154319,8528894754,33794858528,669836014,3444375885,1053958522,10362083244,365358670,444441989,435529192,87898491117,801110300.0
2023-01-21,32442278429,8859250310,40470629184,755028964,3742948234,1037235129,11570534939,609231750,716057148,532015699,100735209786,
2023-01-22,24746386230,7517988734,32852491605,571771274,3227947507,780764704,9123656886,604497889,794717541,461378414,80681600784,
2023-01-23,26518700512,8264507375,35271449760,520678637,3419783936,1980513812,10191369522,526544110,661273714,408263988,87763085366,562127700.0
2023-01-24,26405069715,8180274691,34777970359,887528741,3576076257,1265360172,9652102211,382547334,559881331,508536624,86195347435,754271900.0
2023-01-25,30685366709,10598973448,39242817276,667706772,4154869647,1104907019,11236079383,396421939,542521010,463858684,99093521887,717266400.0
2023-01-26,26357839322,8395315241,34910787321,540954388,3258930502,892174687,9758697608,481117555,424196515,983939566,86003952705,828610300.0
2023-01-27,25383335641,8124465373,34658058512,484897937,3615689955,813986938,9836689611,360985598,400056534,1013090701,84691256800,709941200.0
2023-01-28,14712928379,5803653357,23967491540,434715822,2554816547,508978347,5914540244,354272484,642333816,624675428,55518405964,
2023-01-29,27423687259,8801292300,33570913369,664644693,2963258500,566580331,9746561339,328417772,458157342,629748131,85153261036,
2023-01-30,27205595568,9180418120,37178895589,630938594,3562976035,1240049824,10428612037,398952288,787132771,602563770,91216134596,1123538000.0
2023-01-31,22837828665,6585191019,31416134222,487472184,2960609713,1026848071,8063170961,466045236,1542889216,418321993,75804511280,838335600.0
2023-02-01,26683255504,8116969489,36688644471,616638893,3454788463,1066789793,9542750777,488339901,1110308356,641029088,88409514735,924663100.0
2023-02-02,32066936882,10558081069,43575657052,909077028,4233203635,996287377,11725436616,551818110,776556390,832824008,106225878167,726760200.0
2023-02-03,27083066007,8169519805,36792033814,861598551,3432403396,848078651,10396860694,379100047,548668917,696790458,89208120340,713859100.0
2023-02-04,15639298538,5843302512,24493083193,440935963,2476218901,583121354,6427553818,264897945,1071858301,531020758,57771291283,
2023-02-05,19564262605,6926696531,30313569702,662969265,2929555475,758068911,8511186142,340587829,753364305,562393241,71322654006,
2023-02-06,23825006542,6919871886,32088027094,521894604,3098238993,950972502,8930395812,343275735,488311044,438369543,77604363755,665926500.0
2023-02-07,27187964471,8030277434,39183502892,521804212,3694028407,1015414418,10335606338,371684529,512569389,577383745,91430235835,777311900.0
2023-02-08,25371367758,7806089579,39133872723,515127902,3602936283,853007396,9820990205,356894107,462925887,947174326,88870386166,587150400.0
2023-02-09,32572572185,10524969124,47895876169,778492045,4476731490,1488178634,13062333376,486448326,819008026,1272709220,113377318595,1061015400.0
2023-02-10,27078406594,8397387897,37581182134,492880078,3672886124,877457864,10690053118,357711042,516764147,1009957719,90674686717,974265500.0
2023-02-11,16356226232,5064007416,22803314101,348569462,2420063116,436697705,6536126788,224047056,244141279,452302092,54885495247,
2023-02-12,17821046406,5319698775,24662650244,520994815,2523403098,492457255,6465453371,241295741,448723137,543445136,59039167978,
2023-02-13,23918742607,9363855114,41054083637,1322505522,4929525447,1129015396,13149065983,368832511,752090969,748185120,96735902306,570125100.0
2023-02-14,26792596581,9249575045,40374822815,662196432,4219254344,1022310518,9965831170,476431370,427664094,770359563,93961041932,697856100.0
2023-02-15,25267388416,7564400640,36875919360,519532384,3673277440,940835584,8016676352,418616256,719007424,528256224,84523910080,0.0
